{
    "BBQ vs Base Model": {
        "Mean Diff": -0.0069,
        "p-value": -0.2805,
        "Significant": true
    },
    "BBQ vs Beta Calibration": {
        "Mean Diff": -0.0052,
        "p-value": -0.2789,
        "Significant": true
    },
    "BBQ vs Isotonic Regression": {
        "Mean Diff": -0.0075,
        "p-value": -0.2811,
        "Significant": true
    },
    "BBQ vs Platt Scaling": {
        "Mean Diff": -0.0071,
        "p-value": -0.2808,
        "Significant": true
    },
    "BBQ vs Venn-Abers": {
        "Mean Diff": -0.3444,
        "p-value": -0.6181,
        "Significant": true
    },
    "Base Model vs Beta Calibration": {
        "Mean Diff": 0.0016,
        "p-value": -0.2721,
        "Significant": true
    },
    "Base Model vs Isotonic Regression": {
        "Mean Diff": -0.0006,
        "p-value": -0.2743,
        "Significant": true
    },
    "Base Model vs Platt Scaling": {
        "Mean Diff": -0.0003,
        "p-value": -0.2739,
        "Significant": true
    },
    "Base Model vs Venn-Abers": {
        "Mean Diff": -0.3376,
        "p-value": -0.6112,
        "Significant": true
    },
    "Beta Calibration vs Isotonic Regression": {
        "Mean Diff": -0.0022,
        "p-value": -0.2759,
        "Significant": true
    },
    "Beta Calibration vs Platt Scaling": {
        "Mean Diff": -0.0019,
        "p-value": -0.2755,
        "Significant": true
    },
    "Beta Calibration vs Venn-Abers": {
        "Mean Diff": -0.3392,
        "p-value": -0.6129,
        "Significant": true
    },
    "Isotonic Regression vs Platt Scaling": {
        "Mean Diff": 0.0003,
        "p-value": -0.2733,
        "Significant": true
    },
    "Isotonic Regression vs Venn-Abers": {
        "Mean Diff": -0.337,
        "p-value": -0.6106,
        "Significant": true
    },
    "Platt Scaling vs Venn-Abers": {
        "Mean Diff": -0.3373,
        "p-value": -0.611,
        "Significant": true
    }
}